p,learner,kappa,coverage
50,LASSO,4.172499933120444,0.93
50,RF,1.291064229380841,0.84
500,LASSO,3.853641855628108,0.75
500,RF,1.0248716990301268,0.86
