beta_kappa,beta_delta,r2
0.6714809941505944,0.5096643654317782,0.9314831629641079
